Lead_ID,Lead_Source,Stage,Assigned_To,Date,Branch_Name
LEAD200000,Website,Contacted,RM_Esha,2023-04-06,Uptown
LEAD200001,Campaign,Generated,RM_Diksha,2023-03-30,West
LEAD200002,Referral,Generated,RM_Diksha,2023-08-19,South
LEAD200003,Website,Generated,RM_Esha,2023-10-02,Uptown
LEAD200004,Website,Contacted,RM_Diksha,2023-09-03,City Plaza
LEAD200005,Branch,Contacted,RM_Esha,2023-04-21,Central
LEAD200006,Website,Qualified,RM_Esha,2023-08-22,Uptown
LEAD200007,Branch,Generated,RM_Farhan,2023-10-05,South
LEAD200008,Referral,Generated,RM_Farhan,2024-04-21,West
LEAD200009,Website,Generated,RM_Esha,2024-02-21,South
LEAD200010,Referral,Generated,RM_Bhavya,2024-11-08,East
LEAD200011,Website,Generated,RM_Chirag,2023-05-08,North
LEAD200012,Website,Generated,RM_Bhavya,2023-08-25,South
LEAD200013,Referral,Generated,RM_Esha,2024-09-10,Airport
LEAD200014,Website,Contacted,RM_Chirag,2023-05-08,Uptown
LEAD200015,Branch,Generated,RM_Farhan,2024-12-07,North
LEAD200016,Branch,Generated,RM_Chirag,2024-01-29,West
LEAD200017,Branch,Contacted,RM_Esha,2024-04-19,North
LEAD200018,Website,Qualified,RM_Farhan,2024-10-16,South
LEAD200019,Website,Generated,RM_Chirag,2024-01-30,South
LEAD200020,Referral,Qualified,RM_Chirag,2023-04-21,Airport
LEAD200021,Campaign,Contacted,RM_Bhavya,2023-03-31,Central
LEAD200022,Branch,Generated,RM_Chirag,2023-10-07,Uptown
LEAD200023,Branch,Generated,RM_Esha,2023-11-29,Airport
LEAD200024,Website,Converted,RM_Aditya,2023-08-12,South
LEAD200025,Website,Generated,RM_Aditya,2023-04-11,City Plaza
LEAD200026,Referral,Generated,RM_Aditya,2023-05-12,North
LEAD200027,Website,Generated,RM_Esha,2023-01-13,Airport
LEAD200028,Website,Qualified,RM_Aditya,2024-04-01,Airport
LEAD200029,Campaign,Contacted,RM_Bhavya,2024-03-16,Uptown
LEAD200030,Website,Qualified,RM_Esha,2023-04-08,City Plaza
LEAD200031,Website,Contacted,RM_Farhan,2023-04-30,City Plaza
LEAD200032,Website,Generated,RM_Esha,2023-10-20,City Plaza
LEAD200033,Campaign,Converted,RM_Esha,2024-12-11,Uptown
LEAD200034,Referral,Generated,RM_Chirag,2023-01-01,Central
LEAD200035,Branch,Contacted,RM_Chirag,2024-07-25,South
LEAD200036,Campaign,Qualified,RM_Chirag,2023-09-07,South
LEAD200037,Website,Contacted,RM_Diksha,2024-10-13,West
LEAD200038,Referral,Qualified,RM_Bhavya,2023-05-29,Uptown
LEAD200039,Website,Contacted,RM_Esha,2024-01-30,Central
LEAD200040,Website,Contacted,RM_Esha,2023-02-13,West
LEAD200041,Branch,Generated,RM_Chirag,2024-11-28,West
LEAD200042,Branch,Generated,RM_Esha,2024-09-11,West
LEAD200043,Website,Generated,RM_Farhan,2023-02-13,Uptown
LEAD200044,Website,Generated,RM_Esha,2023-03-19,East
LEAD200045,Referral,Generated,RM_Aditya,2023-08-14,West
LEAD200046,Website,Generated,RM_Farhan,2023-06-11,Airport
LEAD200047,Website,Generated,RM_Farhan,2023-09-10,North
LEAD200048,Website,Contacted,RM_Esha,2023-05-12,Airport
LEAD200049,Website,Generated,RM_Diksha,2024-03-23,Airport
LEAD200050,Branch,Generated,RM_Chirag,2024-04-18,South
LEAD200051,Website,Generated,RM_Bhavya,2024-10-17,East
LEAD200052,Website,Generated,RM_Bhavya,2023-04-19,Uptown
LEAD200053,Referral,Qualified,RM_Aditya,2024-12-06,West
LEAD200054,Campaign,Contacted,RM_Bhavya,2023-02-04,South
LEAD200055,Website,Contacted,RM_Bhavya,2024-04-11,Central
LEAD200056,Website,Generated,RM_Chirag,2023-10-02,Central
LEAD200057,Website,Contacted,RM_Chirag,2023-07-06,Uptown
LEAD200058,Branch,Generated,RM_Diksha,2023-08-31,South
LEAD200059,Referral,Generated,RM_Aditya,2023-09-21,North
LEAD200060,Branch,Converted,RM_Bhavya,2024-06-05,Uptown
LEAD200061,Campaign,Contacted,RM_Diksha,2024-11-08,South
LEAD200062,Branch,Contacted,RM_Aditya,2024-06-24,South
LEAD200063,Referral,Contacted,RM_Farhan,2023-03-28,East
LEAD200064,Referral,Qualified,RM_Bhavya,2024-06-18,Uptown
LEAD200065,Website,Contacted,RM_Bhavya,2023-07-29,Central
LEAD200066,Campaign,Generated,RM_Chirag,2023-02-15,Central
LEAD200067,Website,Generated,RM_Esha,2024-04-11,West
LEAD200068,Website,Generated,RM_Aditya,2024-06-23,Airport
LEAD200069,Branch,Generated,RM_Bhavya,2023-01-26,Uptown
LEAD200070,Website,Generated,RM_Aditya,2023-09-23,South
LEAD200071,Referral,Qualified,RM_Diksha,2023-06-24,Uptown
LEAD200072,Referral,Qualified,RM_Diksha,2024-05-30,South
LEAD200073,Website,Generated,RM_Esha,2023-11-07,North
LEAD200074,Branch,Contacted,RM_Bhavya,2023-11-18,Uptown
LEAD200075,Website,Generated,RM_Chirag,2024-08-01,City Plaza
LEAD200076,Website,Qualified,RM_Bhavya,2023-05-15,City Plaza
LEAD200077,Referral,Generated,RM_Aditya,2023-02-24,Central
LEAD200078,Branch,Generated,RM_Farhan,2024-06-26,North
LEAD200079,Branch,Generated,RM_Diksha,2024-08-08,East
LEAD200080,Website,Contacted,RM_Aditya,2024-06-14,West
LEAD200081,Referral,Generated,RM_Esha,2023-06-05,North
LEAD200082,Website,Contacted,RM_Diksha,2024-10-29,Central
LEAD200083,Campaign,Qualified,RM_Chirag,2023-05-27,East
LEAD200084,Website,Generated,RM_Diksha,2024-04-29,South
LEAD200085,Branch,Generated,RM_Farhan,2024-08-21,East
LEAD200086,Website,Converted,RM_Bhavya,2023-01-20,Airport
LEAD200087,Website,Generated,RM_Farhan,2023-09-26,Uptown
LEAD200088,Referral,Generated,RM_Farhan,2023-11-29,North
LEAD200089,Campaign,Generated,RM_Bhavya,2024-07-08,Central
LEAD200090,Referral,Generated,RM_Diksha,2024-02-05,North
LEAD200091,Campaign,Contacted,RM_Esha,2023-11-02,South
LEAD200092,Referral,Contacted,RM_Bhavya,2023-01-28,City Plaza
LEAD200093,Referral,Generated,RM_Bhavya,2024-04-11,South
LEAD200094,Website,Generated,RM_Chirag,2023-09-17,Central
LEAD200095,Branch,Generated,RM_Diksha,2024-06-17,Airport
LEAD200096,Website,Converted,RM_Bhavya,2023-04-11,West
LEAD200097,Campaign,Generated,RM_Esha,2024-07-04,Uptown
LEAD200098,Campaign,Converted,RM_Aditya,2023-12-19,Uptown
LEAD200099,Campaign,Qualified,RM_Diksha,2023-10-27,East
LEAD200100,Referral,Generated,RM_Chirag,2024-11-12,East
LEAD200101,Branch,Contacted,RM_Farhan,2023-10-23,South
LEAD200102,Branch,Contacted,RM_Bhavya,2023-12-19,North
LEAD200103,Website,Generated,RM_Esha,2023-05-10,City Plaza
LEAD200104,Referral,Generated,RM_Diksha,2023-06-05,North
LEAD200105,Website,Contacted,RM_Esha,2023-03-15,Airport
LEAD200106,Referral,Generated,RM_Esha,2023-12-08,West
LEAD200107,Website,Generated,RM_Farhan,2024-04-09,Uptown
LEAD200108,Website,Generated,RM_Chirag,2023-03-31,North
LEAD200109,Website,Converted,RM_Diksha,2024-08-01,Uptown
LEAD200110,Website,Qualified,RM_Bhavya,2024-03-30,East
LEAD200111,Referral,Generated,RM_Chirag,2024-12-12,Uptown
LEAD200112,Website,Generated,RM_Bhavya,2023-11-28,City Plaza
LEAD200113,Referral,Generated,RM_Aditya,2023-12-14,Uptown
LEAD200114,Website,Qualified,RM_Esha,2023-08-21,North
LEAD200115,Referral,Qualified,RM_Aditya,2024-08-20,City Plaza
LEAD200116,Referral,Generated,RM_Esha,2023-04-12,Uptown
LEAD200117,Referral,Contacted,RM_Farhan,2024-04-25,West
LEAD200118,Branch,Contacted,RM_Chirag,2023-08-02,East
LEAD200119,Website,Generated,RM_Bhavya,2023-04-18,Uptown
LEAD200120,Branch,Contacted,RM_Farhan,2023-06-14,City Plaza
LEAD200121,Website,Generated,RM_Bhavya,2024-08-25,North
LEAD200122,Referral,Contacted,RM_Chirag,2024-12-04,East
LEAD200123,Referral,Generated,RM_Diksha,2023-12-01,South
LEAD200124,Website,Generated,RM_Aditya,2023-03-27,South
LEAD200125,Branch,Generated,RM_Aditya,2024-02-28,Airport
LEAD200126,Referral,Generated,RM_Bhavya,2024-09-04,South
LEAD200127,Website,Qualified,RM_Bhavya,2023-12-30,North
LEAD200128,Website,Qualified,RM_Bhavya,2023-03-01,West
LEAD200129,Website,Qualified,RM_Chirag,2024-04-26,East
LEAD200130,Campaign,Generated,RM_Diksha,2023-09-07,City Plaza
LEAD200131,Branch,Generated,RM_Aditya,2024-07-13,Central
LEAD200132,Website,Qualified,RM_Farhan,2023-04-27,South
LEAD200133,Website,Qualified,RM_Esha,2024-06-28,South
LEAD200134,Referral,Generated,RM_Chirag,2023-02-13,Central
LEAD200135,Branch,Generated,RM_Aditya,2024-05-23,City Plaza
LEAD200136,Website,Generated,RM_Diksha,2023-06-14,City Plaza
LEAD200137,Website,Contacted,RM_Chirag,2024-01-03,Central
LEAD200138,Campaign,Contacted,RM_Farhan,2023-10-19,City Plaza
LEAD200139,Website,Generated,RM_Aditya,2023-10-13,North
LEAD200140,Website,Generated,RM_Chirag,2023-07-23,City Plaza
LEAD200141,Campaign,Generated,RM_Aditya,2024-11-14,East
LEAD200142,Referral,Generated,RM_Aditya,2024-06-07,City Plaza
LEAD200143,Website,Qualified,RM_Diksha,2023-05-01,Uptown
LEAD200144,Website,Generated,RM_Esha,2024-10-25,Uptown
LEAD200145,Website,Generated,RM_Diksha,2024-10-25,South
LEAD200146,Website,Generated,RM_Aditya,2023-07-07,West
LEAD200147,Campaign,Contacted,RM_Chirag,2023-01-13,North
LEAD200148,Website,Generated,RM_Farhan,2024-08-25,North
LEAD200149,Branch,Generated,RM_Diksha,2023-07-19,City Plaza
LEAD200150,Campaign,Converted,RM_Esha,2024-08-08,West
LEAD200151,Website,Contacted,RM_Aditya,2024-03-31,West
LEAD200152,Website,Generated,RM_Farhan,2024-03-23,Airport
LEAD200153,Referral,Generated,RM_Diksha,2023-03-12,West
LEAD200154,Campaign,Generated,RM_Diksha,2024-08-12,City Plaza
LEAD200155,Branch,Generated,RM_Diksha,2023-05-10,City Plaza
LEAD200156,Website,Generated,RM_Diksha,2023-02-12,Central
LEAD200157,Branch,Contacted,RM_Farhan,2024-06-03,South
LEAD200158,Referral,Generated,RM_Chirag,2023-01-13,Uptown
LEAD200159,Campaign,Generated,RM_Esha,2024-12-25,Airport
LEAD200160,Website,Generated,RM_Esha,2024-09-14,City Plaza
LEAD200161,Referral,Contacted,RM_Aditya,2024-06-18,Central
LEAD200162,Campaign,Generated,RM_Bhavya,2023-10-29,Airport
LEAD200163,Website,Qualified,RM_Chirag,2024-06-10,South
LEAD200164,Referral,Qualified,RM_Aditya,2024-10-03,Airport
LEAD200165,Website,Generated,RM_Aditya,2024-07-26,Central
LEAD200166,Website,Generated,RM_Diksha,2023-04-25,East
LEAD200167,Website,Contacted,RM_Bhavya,2024-04-04,Uptown
LEAD200168,Campaign,Generated,RM_Bhavya,2024-05-19,City Plaza
LEAD200169,Website,Generated,RM_Chirag,2023-11-04,Uptown
LEAD200170,Referral,Qualified,RM_Bhavya,2023-11-21,South
LEAD200171,Branch,Contacted,RM_Aditya,2024-08-01,North
LEAD200172,Website,Generated,RM_Bhavya,2023-06-24,South
LEAD200173,Referral,Contacted,RM_Bhavya,2024-05-28,South
LEAD200174,Branch,Qualified,RM_Esha,2023-06-21,South
LEAD200175,Campaign,Generated,RM_Aditya,2024-05-16,East
LEAD200176,Referral,Generated,RM_Farhan,2023-11-30,City Plaza
LEAD200177,Branch,Generated,RM_Bhavya,2023-10-11,Central
LEAD200178,Website,Generated,RM_Bhavya,2024-04-19,City Plaza
LEAD200179,Campaign,Generated,RM_Diksha,2023-02-23,North
LEAD200180,Website,Contacted,RM_Bhavya,2024-04-02,Central
LEAD200181,Branch,Contacted,RM_Bhavya,2024-08-01,Airport
LEAD200182,Website,Converted,RM_Esha,2024-02-24,Airport
LEAD200183,Campaign,Generated,RM_Aditya,2024-09-05,Airport
LEAD200184,Branch,Generated,RM_Chirag,2024-09-23,Central
LEAD200185,Branch,Generated,RM_Aditya,2024-12-03,West
LEAD200186,Website,Qualified,RM_Diksha,2024-02-13,East
LEAD200187,Website,Generated,RM_Aditya,2023-10-31,West
LEAD200188,Referral,Generated,RM_Bhavya,2024-07-12,City Plaza
LEAD200189,Branch,Generated,RM_Diksha,2023-08-10,Airport
LEAD200190,Website,Generated,RM_Aditya,2024-06-16,East
LEAD200191,Campaign,Generated,RM_Diksha,2023-06-07,Central
LEAD200192,Campaign,Generated,RM_Chirag,2023-12-14,Airport
LEAD200193,Website,Qualified,RM_Aditya,2023-06-08,Central
LEAD200194,Branch,Generated,RM_Farhan,2023-08-23,East
LEAD200195,Referral,Qualified,RM_Bhavya,2024-10-23,Central
LEAD200196,Referral,Contacted,RM_Diksha,2024-02-09,Central
LEAD200197,Website,Generated,RM_Farhan,2023-09-14,North
LEAD200198,Referral,Converted,RM_Farhan,2024-11-07,City Plaza
LEAD200199,Branch,Qualified,RM_Esha,2024-08-11,West
LEAD200200,Website,Converted,RM_Diksha,2024-08-19,Uptown
LEAD200201,Referral,Qualified,RM_Farhan,2024-07-11,West
LEAD200202,Branch,Qualified,RM_Esha,2023-02-16,West
LEAD200203,Branch,Generated,RM_Farhan,2023-08-01,South
LEAD200204,Website,Generated,RM_Bhavya,2024-04-23,North
LEAD200205,Campaign,Generated,RM_Chirag,2024-05-01,Uptown
LEAD200206,Referral,Generated,RM_Esha,2024-07-24,Airport
LEAD200207,Website,Generated,RM_Chirag,2024-07-19,Airport
LEAD200208,Website,Generated,RM_Diksha,2023-12-08,Airport
LEAD200209,Referral,Converted,RM_Bhavya,2024-06-07,West
LEAD200210,Campaign,Generated,RM_Esha,2024-12-04,City Plaza
LEAD200211,Website,Contacted,RM_Diksha,2024-05-17,West
LEAD200212,Branch,Generated,RM_Farhan,2023-01-06,Uptown
LEAD200213,Website,Generated,RM_Aditya,2023-05-24,City Plaza
LEAD200214,Referral,Converted,RM_Diksha,2023-09-18,North
LEAD200215,Campaign,Converted,RM_Chirag,2024-08-07,City Plaza
LEAD200216,Branch,Contacted,RM_Bhavya,2024-11-16,Uptown
LEAD200217,Website,Contacted,RM_Bhavya,2023-08-20,Central
LEAD200218,Referral,Generated,RM_Diksha,2023-09-27,West
LEAD200219,Website,Generated,RM_Farhan,2024-03-22,Airport
LEAD200220,Website,Converted,RM_Aditya,2023-08-10,Central
LEAD200221,Branch,Contacted,RM_Chirag,2023-02-21,West
LEAD200222,Branch,Generated,RM_Diksha,2023-04-26,East
LEAD200223,Website,Contacted,RM_Diksha,2024-06-21,South
LEAD200224,Campaign,Generated,RM_Bhavya,2024-07-18,West
LEAD200225,Referral,Contacted,RM_Chirag,2024-06-24,East
LEAD200226,Website,Generated,RM_Aditya,2023-01-19,Uptown
LEAD200227,Referral,Qualified,RM_Bhavya,2024-01-27,North
LEAD200228,Referral,Generated,RM_Diksha,2024-09-20,East
LEAD200229,Referral,Converted,RM_Bhavya,2024-09-09,North
LEAD200230,Referral,Generated,RM_Bhavya,2024-02-23,West
LEAD200231,Referral,Generated,RM_Esha,2023-11-05,North
LEAD200232,Website,Contacted,RM_Bhavya,2023-07-05,East
LEAD200233,Branch,Contacted,RM_Farhan,2023-09-18,City Plaza
LEAD200234,Referral,Generated,RM_Bhavya,2024-06-11,South
LEAD200235,Website,Generated,RM_Farhan,2023-09-30,Central
LEAD200236,Branch,Qualified,RM_Chirag,2023-06-09,Central
LEAD200237,Campaign,Generated,RM_Bhavya,2023-08-12,South
LEAD200238,Campaign,Contacted,RM_Aditya,2023-09-13,Airport
LEAD200239,Website,Contacted,RM_Farhan,2023-06-29,Central
LEAD200240,Website,Generated,RM_Farhan,2023-01-20,Uptown
LEAD200241,Referral,Contacted,RM_Diksha,2024-09-15,West
LEAD200242,Website,Generated,RM_Chirag,2024-09-23,Airport
LEAD200243,Campaign,Qualified,RM_Bhavya,2024-12-06,West
LEAD200244,Website,Generated,RM_Aditya,2024-04-12,East
LEAD200245,Website,Contacted,RM_Diksha,2024-09-14,Uptown
LEAD200246,Website,Generated,RM_Chirag,2023-07-29,East
LEAD200247,Website,Generated,RM_Farhan,2024-05-27,Airport
LEAD200248,Branch,Contacted,RM_Aditya,2023-02-27,Airport
LEAD200249,Referral,Generated,RM_Bhavya,2023-04-03,Uptown
LEAD200250,Website,Generated,RM_Esha,2023-08-09,Uptown
LEAD200251,Website,Contacted,RM_Esha,2024-12-23,Airport
LEAD200252,Referral,Generated,RM_Chirag,2023-08-20,Airport
LEAD200253,Website,Generated,RM_Aditya,2023-12-30,North
LEAD200254,Referral,Converted,RM_Diksha,2024-09-06,City Plaza
LEAD200255,Referral,Converted,RM_Aditya,2024-07-15,Airport
LEAD200256,Branch,Generated,RM_Farhan,2024-01-09,Uptown
LEAD200257,Campaign,Generated,RM_Esha,2024-09-13,City Plaza
LEAD200258,Campaign,Generated,RM_Chirag,2024-03-31,Airport
LEAD200259,Campaign,Qualified,RM_Bhavya,2023-03-29,East
LEAD200260,Website,Qualified,RM_Aditya,2023-01-20,West
LEAD200261,Website,Qualified,RM_Esha,2023-01-14,City Plaza
LEAD200262,Website,Generated,RM_Diksha,2023-05-13,East
LEAD200263,Campaign,Generated,RM_Chirag,2023-02-03,Central
LEAD200264,Campaign,Qualified,RM_Bhavya,2023-07-27,Uptown
LEAD200265,Campaign,Contacted,RM_Aditya,2023-07-18,North
LEAD200266,Website,Contacted,RM_Diksha,2024-08-14,North
LEAD200267,Campaign,Converted,RM_Bhavya,2024-08-05,West
LEAD200268,Website,Contacted,RM_Farhan,2023-06-04,Airport
LEAD200269,Website,Generated,RM_Esha,2024-08-12,East
LEAD200270,Website,Qualified,RM_Farhan,2023-03-19,Central
LEAD200271,Website,Generated,RM_Esha,2023-06-21,East
LEAD200272,Referral,Contacted,RM_Diksha,2023-10-16,Uptown
LEAD200273,Website,Qualified,RM_Farhan,2024-06-28,Uptown
LEAD200274,Referral,Generated,RM_Esha,2024-02-24,Airport
LEAD200275,Referral,Generated,RM_Chirag,2023-01-07,Airport
LEAD200276,Campaign,Generated,RM_Diksha,2023-06-09,Uptown
LEAD200277,Branch,Contacted,RM_Esha,2023-08-28,South
LEAD200278,Website,Generated,RM_Aditya,2024-02-27,Uptown
LEAD200279,Branch,Contacted,RM_Esha,2024-06-19,East
LEAD200280,Campaign,Contacted,RM_Farhan,2024-12-26,West
LEAD200281,Website,Generated,RM_Chirag,2023-03-11,East
LEAD200282,Referral,Contacted,RM_Bhavya,2023-08-04,North
LEAD200283,Website,Generated,RM_Bhavya,2023-04-14,Central
LEAD200284,Website,Generated,RM_Esha,2024-12-27,City Plaza
LEAD200285,Branch,Qualified,RM_Bhavya,2023-02-23,West
LEAD200286,Campaign,Qualified,RM_Esha,2023-11-26,South
LEAD200287,Website,Generated,RM_Chirag,2023-07-22,Central
LEAD200288,Branch,Generated,RM_Bhavya,2023-10-15,Central
LEAD200289,Campaign,Generated,RM_Farhan,2023-02-14,City Plaza
LEAD200290,Campaign,Generated,RM_Farhan,2023-07-17,North
LEAD200291,Website,Contacted,RM_Aditya,2023-08-04,North
LEAD200292,Campaign,Contacted,RM_Esha,2024-04-25,North
LEAD200293,Website,Generated,RM_Bhavya,2023-11-05,West
LEAD200294,Referral,Contacted,RM_Farhan,2024-03-10,East
LEAD200295,Website,Contacted,RM_Chirag,2023-11-28,Central
LEAD200296,Website,Generated,RM_Chirag,2024-11-26,East
LEAD200297,Branch,Generated,RM_Aditya,2023-01-27,East
LEAD200298,Website,Generated,RM_Chirag,2023-06-15,North
LEAD200299,Website,Qualified,RM_Chirag,2023-11-14,East
LEAD200300,Website,Qualified,RM_Bhavya,2023-10-01,Central
LEAD200301,Branch,Generated,RM_Esha,2024-01-18,Central
LEAD200302,Website,Qualified,RM_Diksha,2023-12-31,Airport
LEAD200303,Branch,Contacted,RM_Chirag,2023-04-13,South
LEAD200304,Website,Generated,RM_Chirag,2024-05-17,West
LEAD200305,Website,Generated,RM_Diksha,2024-01-08,East
LEAD200306,Website,Generated,RM_Chirag,2024-09-07,West
LEAD200307,Referral,Qualified,RM_Bhavya,2023-09-02,West
LEAD200308,Website,Contacted,RM_Bhavya,2023-06-18,West
LEAD200309,Website,Qualified,RM_Diksha,2024-09-19,City Plaza
LEAD200310,Campaign,Qualified,RM_Farhan,2024-10-14,Uptown
LEAD200311,Referral,Generated,RM_Chirag,2024-02-22,Airport
LEAD200312,Website,Generated,RM_Farhan,2023-12-22,West
LEAD200313,Website,Generated,RM_Chirag,2024-04-22,Uptown
LEAD200314,Campaign,Contacted,RM_Esha,2023-05-05,Uptown
LEAD200315,Website,Qualified,RM_Chirag,2024-06-20,Airport
LEAD200316,Website,Generated,RM_Bhavya,2024-12-06,Central
LEAD200317,Branch,Contacted,RM_Aditya,2024-09-03,City Plaza
LEAD200318,Referral,Generated,RM_Aditya,2024-02-06,East
LEAD200319,Referral,Qualified,RM_Aditya,2024-05-31,Airport
LEAD200320,Website,Qualified,RM_Aditya,2024-06-14,South
LEAD200321,Website,Converted,RM_Farhan,2024-11-12,Uptown
LEAD200322,Referral,Qualified,RM_Farhan,2023-09-11,West
LEAD200323,Website,Qualified,RM_Chirag,2023-05-01,Uptown
LEAD200324,Referral,Generated,RM_Farhan,2023-02-01,City Plaza
LEAD200325,Referral,Contacted,RM_Chirag,2024-10-22,South
LEAD200326,Website,Generated,RM_Esha,2023-02-06,Central
LEAD200327,Campaign,Qualified,RM_Chirag,2024-11-19,Central
LEAD200328,Branch,Qualified,RM_Aditya,2023-12-08,North
LEAD200329,Branch,Qualified,RM_Diksha,2023-01-13,West
LEAD200330,Website,Qualified,RM_Diksha,2023-07-02,North
LEAD200331,Website,Generated,RM_Bhavya,2024-10-18,City Plaza
LEAD200332,Referral,Contacted,RM_Bhavya,2023-09-22,South
LEAD200333,Website,Generated,RM_Chirag,2023-03-29,Uptown
LEAD200334,Campaign,Qualified,RM_Diksha,2024-04-06,East
LEAD200335,Website,Qualified,RM_Aditya,2023-02-15,North
LEAD200336,Referral,Generated,RM_Farhan,2024-01-27,Central
LEAD200337,Website,Qualified,RM_Aditya,2023-04-29,West
LEAD200338,Referral,Generated,RM_Aditya,2024-06-14,Uptown
LEAD200339,Website,Generated,RM_Chirag,2024-03-22,South
LEAD200340,Website,Contacted,RM_Chirag,2024-08-28,Airport
LEAD200341,Website,Generated,RM_Esha,2023-02-15,City Plaza
LEAD200342,Campaign,Generated,RM_Aditya,2024-05-22,City Plaza
LEAD200343,Website,Generated,RM_Aditya,2024-07-11,Central
LEAD200344,Campaign,Generated,RM_Chirag,2024-06-09,Airport
LEAD200345,Branch,Qualified,RM_Chirag,2024-08-19,City Plaza
LEAD200346,Website,Converted,RM_Esha,2023-01-03,East
LEAD200347,Branch,Generated,RM_Esha,2023-01-28,Uptown
LEAD200348,Website,Contacted,RM_Bhavya,2024-01-16,West
LEAD200349,Campaign,Generated,RM_Diksha,2023-06-06,Uptown
LEAD200350,Referral,Converted,RM_Aditya,2024-05-25,East
LEAD200351,Website,Generated,RM_Aditya,2023-11-29,City Plaza
LEAD200352,Website,Qualified,RM_Esha,2024-11-17,East
LEAD200353,Website,Generated,RM_Esha,2023-04-24,Uptown
LEAD200354,Campaign,Converted,RM_Bhavya,2024-01-24,City Plaza
LEAD200355,Website,Generated,RM_Diksha,2024-05-01,West
LEAD200356,Branch,Converted,RM_Bhavya,2023-09-07,West
LEAD200357,Website,Generated,RM_Diksha,2024-07-24,Airport
LEAD200358,Campaign,Generated,RM_Farhan,2024-12-15,East
LEAD200359,Website,Generated,RM_Aditya,2023-11-11,South
LEAD200360,Referral,Contacted,RM_Bhavya,2023-08-27,Airport
LEAD200361,Referral,Generated,RM_Esha,2023-08-22,West
LEAD200362,Branch,Contacted,RM_Bhavya,2023-10-30,Central
LEAD200363,Website,Generated,RM_Farhan,2024-08-29,City Plaza
LEAD200364,Website,Generated,RM_Bhavya,2024-10-14,Airport
LEAD200365,Website,Contacted,RM_Aditya,2023-11-30,North
LEAD200366,Branch,Generated,RM_Farhan,2023-04-23,South
LEAD200367,Website,Contacted,RM_Esha,2024-09-12,City Plaza
LEAD200368,Referral,Generated,RM_Esha,2023-12-28,Airport
LEAD200369,Website,Qualified,RM_Chirag,2023-04-07,West
LEAD200370,Campaign,Generated,RM_Farhan,2023-01-16,Uptown
LEAD200371,Campaign,Contacted,RM_Chirag,2024-07-09,West
LEAD200372,Referral,Contacted,RM_Chirag,2024-01-11,South
LEAD200373,Website,Contacted,RM_Aditya,2024-01-25,North
LEAD200374,Website,Generated,RM_Bhavya,2024-09-11,Airport
LEAD200375,Website,Generated,RM_Esha,2023-08-05,Uptown
LEAD200376,Website,Contacted,RM_Esha,2024-02-03,Airport
LEAD200377,Branch,Generated,RM_Bhavya,2023-09-17,East
LEAD200378,Referral,Generated,RM_Esha,2023-11-16,Central
LEAD200379,Campaign,Qualified,RM_Bhavya,2023-07-15,West
LEAD200380,Website,Contacted,RM_Farhan,2024-04-22,Airport
LEAD200381,Branch,Generated,RM_Aditya,2024-02-22,Airport
LEAD200382,Referral,Generated,RM_Aditya,2024-04-19,City Plaza
LEAD200383,Referral,Generated,RM_Aditya,2024-08-29,City Plaza
LEAD200384,Website,Generated,RM_Bhavya,2024-07-21,Airport
LEAD200385,Referral,Generated,RM_Bhavya,2024-06-27,North
LEAD200386,Referral,Generated,RM_Diksha,2023-08-19,Central
LEAD200387,Branch,Generated,RM_Esha,2024-06-04,Airport
LEAD200388,Campaign,Qualified,RM_Esha,2024-12-03,South
LEAD200389,Website,Contacted,RM_Diksha,2023-07-19,West
LEAD200390,Website,Qualified,RM_Diksha,2024-11-03,East
LEAD200391,Referral,Contacted,RM_Aditya,2024-08-21,City Plaza
LEAD200392,Referral,Generated,RM_Diksha,2023-01-21,South
LEAD200393,Website,Generated,RM_Bhavya,2023-11-07,West
LEAD200394,Branch,Generated,RM_Chirag,2024-08-10,Uptown
LEAD200395,Campaign,Generated,RM_Bhavya,2024-10-14,City Plaza
LEAD200396,Campaign,Generated,RM_Diksha,2024-09-29,North
LEAD200397,Website,Contacted,RM_Esha,2024-08-18,City Plaza
LEAD200398,Campaign,Contacted,RM_Bhavya,2024-03-09,Central
LEAD200399,Branch,Generated,RM_Esha,2024-01-06,Central
LEAD200400,Referral,Generated,RM_Bhavya,2024-07-13,West
LEAD200401,Referral,Generated,RM_Esha,2023-03-19,South
LEAD200402,Branch,Generated,RM_Farhan,2024-06-25,East
LEAD200403,Referral,Qualified,RM_Bhavya,2023-10-12,North
LEAD200404,Website,Contacted,RM_Esha,2024-10-09,West
LEAD200405,Referral,Generated,RM_Chirag,2023-05-20,Uptown
LEAD200406,Referral,Generated,RM_Aditya,2024-07-06,North
LEAD200407,Website,Generated,RM_Bhavya,2023-10-09,Central
LEAD200408,Campaign,Contacted,RM_Chirag,2024-07-15,Airport
LEAD200409,Branch,Generated,RM_Aditya,2023-09-15,Airport
LEAD200410,Referral,Qualified,RM_Bhavya,2023-12-26,East
LEAD200411,Website,Contacted,RM_Chirag,2024-03-15,North
LEAD200412,Referral,Contacted,RM_Chirag,2023-09-27,West
LEAD200413,Website,Generated,RM_Farhan,2023-05-14,East
LEAD200414,Website,Generated,RM_Chirag,2024-10-01,City Plaza
LEAD200415,Referral,Generated,RM_Farhan,2023-04-14,City Plaza
LEAD200416,Website,Generated,RM_Diksha,2023-04-05,Uptown
LEAD200417,Referral,Generated,RM_Esha,2024-12-29,South
LEAD200418,Website,Qualified,RM_Aditya,2024-07-26,Airport
LEAD200419,Website,Generated,RM_Esha,2024-04-24,West
LEAD200420,Website,Generated,RM_Esha,2023-08-29,North
LEAD200421,Campaign,Contacted,RM_Farhan,2023-01-13,East
LEAD200422,Referral,Generated,RM_Esha,2023-05-27,West
LEAD200423,Branch,Contacted,RM_Chirag,2024-08-23,East
LEAD200424,Website,Generated,RM_Farhan,2023-04-05,East
LEAD200425,Website,Generated,RM_Esha,2023-10-20,East
LEAD200426,Campaign,Contacted,RM_Farhan,2023-01-25,North
LEAD200427,Website,Generated,RM_Diksha,2023-09-29,West
LEAD200428,Website,Contacted,RM_Farhan,2024-05-19,Central
LEAD200429,Referral,Contacted,RM_Bhavya,2023-06-15,Central
LEAD200430,Website,Generated,RM_Chirag,2023-03-28,North
LEAD200431,Branch,Generated,RM_Aditya,2024-10-15,City Plaza
LEAD200432,Referral,Generated,RM_Bhavya,2024-10-07,North
LEAD200433,Website,Converted,RM_Bhavya,2024-09-29,Airport
LEAD200434,Website,Generated,RM_Bhavya,2024-05-05,East
LEAD200435,Website,Generated,RM_Esha,2023-05-21,West
LEAD200436,Campaign,Generated,RM_Farhan,2023-04-13,West
LEAD200437,Branch,Qualified,RM_Farhan,2023-08-14,South
LEAD200438,Website,Generated,RM_Esha,2024-07-28,South
LEAD200439,Website,Qualified,RM_Chirag,2023-10-21,Uptown
LEAD200440,Branch,Contacted,RM_Esha,2023-11-02,Central
LEAD200441,Referral,Converted,RM_Esha,2023-09-11,South
LEAD200442,Website,Contacted,RM_Esha,2023-06-29,South
LEAD200443,Website,Converted,RM_Chirag,2023-02-09,Central
LEAD200444,Website,Qualified,RM_Chirag,2024-12-01,Airport
LEAD200445,Branch,Contacted,RM_Diksha,2024-06-03,City Plaza
LEAD200446,Campaign,Contacted,RM_Diksha,2024-09-07,Central
LEAD200447,Website,Generated,RM_Diksha,2024-06-29,City Plaza
LEAD200448,Referral,Qualified,RM_Diksha,2023-08-24,Uptown
LEAD200449,Website,Generated,RM_Farhan,2024-04-07,South
LEAD200450,Website,Qualified,RM_Bhavya,2023-08-16,West
LEAD200451,Website,Contacted,RM_Bhavya,2024-11-30,South
LEAD200452,Branch,Generated,RM_Diksha,2024-04-27,East
LEAD200453,Referral,Generated,RM_Diksha,2024-03-05,Uptown
LEAD200454,Referral,Generated,RM_Aditya,2023-01-22,City Plaza
LEAD200455,Website,Contacted,RM_Bhavya,2023-12-09,City Plaza
LEAD200456,Website,Contacted,RM_Aditya,2023-02-09,East
LEAD200457,Website,Generated,RM_Aditya,2023-06-22,East
LEAD200458,Branch,Contacted,RM_Esha,2024-03-14,Airport
LEAD200459,Website,Generated,RM_Farhan,2023-06-28,North
LEAD200460,Branch,Generated,RM_Chirag,2024-08-20,East
LEAD200461,Website,Generated,RM_Bhavya,2023-05-13,City Plaza
LEAD200462,Website,Generated,RM_Diksha,2023-12-17,West
LEAD200463,Referral,Generated,RM_Diksha,2024-06-08,City Plaza
LEAD200464,Website,Generated,RM_Chirag,2024-06-23,City Plaza
LEAD200465,Website,Generated,RM_Bhavya,2024-05-20,Airport
LEAD200466,Website,Generated,RM_Diksha,2023-03-25,North
LEAD200467,Branch,Contacted,RM_Diksha,2024-04-08,North
LEAD200468,Branch,Contacted,RM_Esha,2023-12-09,East
LEAD200469,Website,Generated,RM_Aditya,2023-10-07,Uptown
LEAD200470,Referral,Generated,RM_Diksha,2023-09-20,South
LEAD200471,Website,Generated,RM_Farhan,2023-06-15,City Plaza
LEAD200472,Website,Generated,RM_Bhavya,2023-10-20,Central
LEAD200473,Website,Generated,RM_Farhan,2024-05-23,South
LEAD200474,Campaign,Generated,RM_Chirag,2024-08-02,South
LEAD200475,Website,Qualified,RM_Esha,2023-08-14,North
LEAD200476,Website,Contacted,RM_Bhavya,2023-06-19,North
LEAD200477,Website,Contacted,RM_Esha,2024-08-20,Airport
LEAD200478,Website,Qualified,RM_Aditya,2024-10-06,Airport
LEAD200479,Referral,Contacted,RM_Diksha,2024-03-23,North
LEAD200480,Website,Generated,RM_Bhavya,2024-11-20,West
LEAD200481,Website,Generated,RM_Chirag,2024-05-16,West
LEAD200482,Referral,Generated,RM_Aditya,2024-06-10,Central
LEAD200483,Website,Contacted,RM_Aditya,2024-01-14,North
LEAD200484,Branch,Qualified,RM_Esha,2023-07-20,East
LEAD200485,Referral,Converted,RM_Aditya,2024-09-10,Airport
LEAD200486,Website,Generated,RM_Bhavya,2023-09-07,North
LEAD200487,Branch,Contacted,RM_Esha,2024-02-13,West
LEAD200488,Website,Generated,RM_Aditya,2024-08-23,North
LEAD200489,Referral,Contacted,RM_Chirag,2023-05-05,West
LEAD200490,Website,Generated,RM_Farhan,2023-04-23,North
LEAD200491,Website,Generated,RM_Bhavya,2023-05-17,City Plaza
LEAD200492,Referral,Generated,RM_Chirag,2024-05-10,East
LEAD200493,Campaign,Generated,RM_Chirag,2024-11-08,Uptown
LEAD200494,Campaign,Generated,RM_Esha,2023-05-30,Central
LEAD200495,Referral,Contacted,RM_Diksha,2023-12-09,City Plaza
LEAD200496,Website,Generated,RM_Esha,2024-08-02,East
LEAD200497,Website,Generated,RM_Bhavya,2023-11-17,West
LEAD200498,Website,Generated,RM_Bhavya,2024-06-15,Airport
LEAD200499,Referral,Generated,RM_Esha,2023-10-16,Airport
LEAD200500,Website,Contacted,RM_Diksha,2024-05-03,South
LEAD200501,Campaign,Generated,RM_Esha,2024-05-06,East
LEAD200502,Website,Generated,RM_Bhavya,2024-09-03,North
LEAD200503,Website,Contacted,RM_Diksha,2023-09-09,Central
LEAD200504,Website,Generated,RM_Bhavya,2023-03-18,North
LEAD200505,Branch,Contacted,RM_Diksha,2024-10-08,North
LEAD200506,Branch,Generated,RM_Diksha,2024-01-27,East
LEAD200507,Referral,Generated,RM_Esha,2024-02-16,Uptown
LEAD200508,Website,Generated,RM_Esha,2023-06-22,Central
LEAD200509,Branch,Generated,RM_Esha,2023-07-20,South
LEAD200510,Website,Generated,RM_Diksha,2023-08-05,City Plaza
LEAD200511,Campaign,Generated,RM_Diksha,2024-01-11,North
LEAD200512,Referral,Contacted,RM_Bhavya,2024-12-20,Central
LEAD200513,Website,Generated,RM_Chirag,2024-08-08,South
LEAD200514,Referral,Contacted,RM_Esha,2023-01-11,City Plaza
LEAD200515,Branch,Qualified,RM_Farhan,2023-01-12,North
LEAD200516,Website,Generated,RM_Bhavya,2024-08-12,Central
LEAD200517,Campaign,Generated,RM_Bhavya,2024-03-10,City Plaza
LEAD200518,Website,Generated,RM_Aditya,2024-11-14,East
LEAD200519,Website,Generated,RM_Esha,2024-08-30,Uptown
LEAD200520,Website,Converted,RM_Bhavya,2024-01-08,Airport
LEAD200521,Website,Generated,RM_Aditya,2023-09-30,Airport
LEAD200522,Referral,Contacted,RM_Farhan,2024-11-21,North
LEAD200523,Website,Contacted,RM_Farhan,2024-07-29,North
LEAD200524,Branch,Contacted,RM_Esha,2024-05-23,City Plaza
LEAD200525,Website,Contacted,RM_Diksha,2023-05-12,Central
LEAD200526,Campaign,Qualified,RM_Aditya,2023-11-15,Airport
LEAD200527,Referral,Generated,RM_Diksha,2024-09-12,North
LEAD200528,Branch,Generated,RM_Farhan,2023-06-17,South
LEAD200529,Website,Generated,RM_Farhan,2024-02-01,North
LEAD200530,Website,Generated,RM_Chirag,2023-06-29,Airport
LEAD200531,Website,Contacted,RM_Chirag,2023-02-27,West
LEAD200532,Referral,Contacted,RM_Chirag,2024-04-24,Uptown
LEAD200533,Campaign,Generated,RM_Chirag,2024-08-13,Airport
LEAD200534,Website,Contacted,RM_Bhavya,2024-04-04,South
LEAD200535,Website,Contacted,RM_Chirag,2023-03-02,Central
LEAD200536,Campaign,Generated,RM_Bhavya,2024-01-04,South
LEAD200537,Website,Contacted,RM_Bhavya,2023-05-01,West
LEAD200538,Branch,Contacted,RM_Esha,2024-12-19,West
LEAD200539,Referral,Generated,RM_Bhavya,2024-06-29,North
LEAD200540,Branch,Qualified,RM_Bhavya,2024-08-04,North
LEAD200541,Website,Converted,RM_Chirag,2023-01-17,Airport
LEAD200542,Website,Generated,RM_Bhavya,2024-05-10,East
LEAD200543,Referral,Generated,RM_Diksha,2024-05-11,Uptown
LEAD200544,Campaign,Generated,RM_Chirag,2024-05-19,South
LEAD200545,Website,Contacted,RM_Aditya,2024-06-15,Airport
LEAD200546,Website,Converted,RM_Chirag,2023-11-11,East
LEAD200547,Referral,Generated,RM_Bhavya,2023-03-10,Airport
LEAD200548,Campaign,Contacted,RM_Diksha,2024-12-27,Uptown
LEAD200549,Branch,Generated,RM_Chirag,2023-06-10,Uptown
LEAD200550,Campaign,Contacted,RM_Diksha,2024-09-05,West
LEAD200551,Website,Contacted,RM_Aditya,2024-12-18,North
LEAD200552,Website,Generated,RM_Farhan,2023-05-25,North
LEAD200553,Referral,Contacted,RM_Aditya,2024-07-22,Uptown
LEAD200554,Branch,Qualified,RM_Farhan,2024-08-17,Airport
LEAD200555,Website,Contacted,RM_Esha,2024-01-20,Uptown
LEAD200556,Website,Generated,RM_Farhan,2023-09-26,North
LEAD200557,Branch,Converted,RM_Esha,2024-03-29,Central
LEAD200558,Website,Contacted,RM_Chirag,2024-11-29,Airport
LEAD200559,Website,Generated,RM_Esha,2024-06-01,West
LEAD200560,Referral,Generated,RM_Diksha,2023-12-16,City Plaza
LEAD200561,Referral,Generated,RM_Esha,2023-04-20,Airport
LEAD200562,Branch,Generated,RM_Diksha,2024-04-27,Airport
LEAD200563,Website,Generated,RM_Farhan,2024-02-11,North
LEAD200564,Referral,Qualified,RM_Farhan,2024-10-11,West
LEAD200565,Referral,Qualified,RM_Farhan,2023-02-20,Airport
LEAD200566,Referral,Generated,RM_Esha,2024-02-07,North
LEAD200567,Referral,Converted,RM_Farhan,2024-07-16,Uptown
LEAD200568,Website,Contacted,RM_Esha,2024-04-20,South
LEAD200569,Website,Qualified,RM_Esha,2023-03-28,West
LEAD200570,Website,Contacted,RM_Bhavya,2023-03-09,East
LEAD200571,Website,Generated,RM_Bhavya,2024-08-18,Central
LEAD200572,Referral,Contacted,RM_Esha,2023-02-11,East
LEAD200573,Branch,Converted,RM_Diksha,2023-02-26,City Plaza
LEAD200574,Branch,Generated,RM_Chirag,2023-07-15,Uptown
LEAD200575,Branch,Qualified,RM_Aditya,2024-11-08,West
LEAD200576,Website,Generated,RM_Bhavya,2023-03-03,Airport
LEAD200577,Website,Generated,RM_Esha,2023-09-20,North
LEAD200578,Website,Generated,RM_Aditya,2023-04-22,City Plaza
LEAD200579,Website,Contacted,RM_Bhavya,2024-12-11,West
LEAD200580,Website,Generated,RM_Chirag,2023-06-27,Central
LEAD200581,Referral,Qualified,RM_Diksha,2023-01-26,West
LEAD200582,Campaign,Qualified,RM_Esha,2024-02-14,City Plaza
LEAD200583,Website,Generated,RM_Chirag,2024-06-14,North
LEAD200584,Website,Qualified,RM_Bhavya,2023-11-13,East
LEAD200585,Branch,Generated,RM_Esha,2024-06-15,South
LEAD200586,Website,Generated,RM_Aditya,2023-04-16,East
LEAD200587,Branch,Contacted,RM_Farhan,2024-04-08,North
LEAD200588,Branch,Generated,RM_Diksha,2023-09-03,City Plaza
LEAD200589,Campaign,Generated,RM_Bhavya,2023-03-22,North
LEAD200590,Website,Qualified,RM_Diksha,2024-10-23,Uptown
LEAD200591,Branch,Generated,RM_Esha,2024-01-31,Central
LEAD200592,Referral,Generated,RM_Farhan,2024-06-05,West
LEAD200593,Referral,Contacted,RM_Chirag,2023-09-21,Uptown
LEAD200594,Website,Generated,RM_Diksha,2024-10-22,West
LEAD200595,Website,Qualified,RM_Aditya,2023-10-01,East
LEAD200596,Referral,Contacted,RM_Bhavya,2024-12-06,City Plaza
LEAD200597,Referral,Generated,RM_Aditya,2023-06-21,South
LEAD200598,Branch,Generated,RM_Diksha,2023-09-22,South
LEAD200599,Branch,Qualified,RM_Farhan,2023-01-26,Central
LEAD200600,Branch,Generated,RM_Chirag,2024-04-13,North
LEAD200601,Website,Contacted,RM_Chirag,2024-04-20,Central
LEAD200602,Branch,Generated,RM_Aditya,2023-12-22,West
LEAD200603,Referral,Contacted,RM_Esha,2023-01-26,Airport
LEAD200604,Campaign,Contacted,RM_Esha,2023-02-03,Airport
LEAD200605,Campaign,Contacted,RM_Farhan,2023-09-21,Airport
LEAD200606,Website,Generated,RM_Chirag,2023-05-18,North
LEAD200607,Branch,Contacted,RM_Aditya,2024-11-25,Central
LEAD200608,Website,Generated,RM_Aditya,2024-07-19,Uptown
LEAD200609,Website,Generated,RM_Aditya,2024-04-06,City Plaza
LEAD200610,Referral,Contacted,RM_Diksha,2023-06-17,East
LEAD200611,Website,Generated,RM_Farhan,2024-09-22,West
LEAD200612,Branch,Contacted,RM_Esha,2024-10-16,Airport
LEAD200613,Website,Generated,RM_Esha,2023-03-22,City Plaza
LEAD200614,Website,Generated,RM_Diksha,2024-02-11,South
LEAD200615,Referral,Generated,RM_Bhavya,2024-07-27,Uptown
LEAD200616,Branch,Contacted,RM_Diksha,2023-02-15,Central
LEAD200617,Campaign,Generated,RM_Farhan,2024-08-21,West
LEAD200618,Branch,Contacted,RM_Aditya,2024-09-02,West
LEAD200619,Branch,Generated,RM_Diksha,2023-02-22,South
LEAD200620,Website,Generated,RM_Aditya,2024-12-04,Uptown
LEAD200621,Website,Generated,RM_Farhan,2024-04-20,South
LEAD200622,Website,Generated,RM_Farhan,2024-08-14,South
LEAD200623,Referral,Generated,RM_Chirag,2023-01-16,Airport
LEAD200624,Branch,Generated,RM_Aditya,2023-12-26,Uptown
LEAD200625,Website,Contacted,RM_Esha,2024-05-01,Airport
LEAD200626,Branch,Generated,RM_Diksha,2024-12-06,Central
LEAD200627,Referral,Generated,RM_Farhan,2024-05-16,South
LEAD200628,Website,Generated,RM_Aditya,2023-05-21,East
LEAD200629,Website,Contacted,RM_Bhavya,2024-09-11,West
LEAD200630,Branch,Converted,RM_Chirag,2024-03-22,Uptown
LEAD200631,Branch,Generated,RM_Bhavya,2023-10-17,South
LEAD200632,Campaign,Generated,RM_Farhan,2023-07-28,Uptown
LEAD200633,Website,Generated,RM_Bhavya,2024-04-19,West
LEAD200634,Campaign,Generated,RM_Bhavya,2024-02-17,North
LEAD200635,Website,Generated,RM_Chirag,2024-11-07,City Plaza
LEAD200636,Website,Generated,RM_Chirag,2024-03-02,North
LEAD200637,Campaign,Generated,RM_Chirag,2024-01-06,South
LEAD200638,Website,Generated,RM_Chirag,2024-10-25,West
LEAD200639,Branch,Generated,RM_Bhavya,2023-10-17,City Plaza
LEAD200640,Website,Converted,RM_Esha,2024-03-07,North
LEAD200641,Referral,Contacted,RM_Esha,2023-09-25,South
LEAD200642,Campaign,Contacted,RM_Chirag,2023-05-31,West
LEAD200643,Website,Generated,RM_Diksha,2024-12-19,South
LEAD200644,Branch,Qualified,RM_Aditya,2023-09-12,Airport
LEAD200645,Website,Generated,RM_Farhan,2023-12-19,West
LEAD200646,Referral,Qualified,RM_Diksha,2024-01-12,North
LEAD200647,Website,Contacted,RM_Farhan,2024-10-14,South
LEAD200648,Website,Generated,RM_Diksha,2023-12-24,Uptown
LEAD200649,Website,Generated,RM_Diksha,2024-08-30,North
LEAD200650,Website,Generated,RM_Esha,2024-01-05,South
LEAD200651,Campaign,Generated,RM_Aditya,2023-08-15,Uptown
LEAD200652,Website,Qualified,RM_Diksha,2024-12-05,Uptown
LEAD200653,Website,Generated,RM_Chirag,2023-10-30,Central
LEAD200654,Website,Qualified,RM_Farhan,2024-01-24,Uptown
LEAD200655,Website,Generated,RM_Esha,2024-01-12,North
LEAD200656,Branch,Generated,RM_Farhan,2023-04-28,North
LEAD200657,Campaign,Contacted,RM_Chirag,2023-01-05,East
LEAD200658,Website,Generated,RM_Chirag,2024-03-19,City Plaza
LEAD200659,Campaign,Generated,RM_Diksha,2023-12-18,Airport
LEAD200660,Referral,Contacted,RM_Chirag,2024-06-16,North
LEAD200661,Website,Generated,RM_Aditya,2024-10-25,West
LEAD200662,Branch,Converted,RM_Chirag,2024-10-01,City Plaza
LEAD200663,Referral,Generated,RM_Diksha,2023-05-04,Uptown
LEAD200664,Branch,Contacted,RM_Farhan,2024-10-19,South
LEAD200665,Campaign,Contacted,RM_Chirag,2023-10-04,Central
LEAD200666,Website,Contacted,RM_Esha,2024-01-29,West
LEAD200667,Campaign,Generated,RM_Esha,2024-10-25,City Plaza
LEAD200668,Branch,Generated,RM_Esha,2023-12-26,West
LEAD200669,Referral,Generated,RM_Farhan,2024-09-14,West
LEAD200670,Referral,Generated,RM_Bhavya,2024-04-13,West
LEAD200671,Website,Qualified,RM_Esha,2024-09-19,City Plaza
LEAD200672,Campaign,Converted,RM_Esha,2024-11-30,Central
LEAD200673,Branch,Generated,RM_Bhavya,2023-02-26,Uptown
LEAD200674,Website,Contacted,RM_Farhan,2023-09-08,East
LEAD200675,Website,Contacted,RM_Esha,2023-05-30,Airport
LEAD200676,Referral,Contacted,RM_Diksha,2024-03-27,Uptown
LEAD200677,Website,Qualified,RM_Farhan,2023-06-11,North
LEAD200678,Website,Generated,RM_Esha,2023-04-30,City Plaza
LEAD200679,Referral,Generated,RM_Esha,2024-08-04,West
LEAD200680,Website,Contacted,RM_Bhavya,2023-12-17,Uptown
LEAD200681,Website,Generated,RM_Diksha,2023-04-09,North
LEAD200682,Website,Generated,RM_Farhan,2023-06-16,City Plaza
LEAD200683,Website,Generated,RM_Chirag,2024-10-24,North
LEAD200684,Branch,Generated,RM_Aditya,2024-05-28,West
LEAD200685,Referral,Generated,RM_Diksha,2024-10-25,East
LEAD200686,Website,Contacted,RM_Chirag,2024-02-05,City Plaza
LEAD200687,Website,Generated,RM_Diksha,2023-12-31,North
LEAD200688,Referral,Generated,RM_Chirag,2024-07-30,South
LEAD200689,Website,Contacted,RM_Chirag,2023-11-22,North
LEAD200690,Website,Contacted,RM_Diksha,2024-08-03,Airport
LEAD200691,Website,Generated,RM_Bhavya,2024-09-24,West
LEAD200692,Branch,Contacted,RM_Diksha,2024-09-12,Central
LEAD200693,Branch,Qualified,RM_Diksha,2023-09-04,North
LEAD200694,Branch,Contacted,RM_Chirag,2024-03-09,East
LEAD200695,Branch,Contacted,RM_Aditya,2023-04-03,South
LEAD200696,Branch,Contacted,RM_Chirag,2023-09-25,South
LEAD200697,Referral,Qualified,RM_Esha,2024-09-06,Central
LEAD200698,Referral,Generated,RM_Diksha,2024-09-15,Uptown
LEAD200699,Website,Generated,RM_Farhan,2023-11-17,Airport
LEAD200700,Referral,Contacted,RM_Diksha,2023-03-03,Central
LEAD200701,Branch,Qualified,RM_Bhavya,2023-10-27,Airport
LEAD200702,Referral,Qualified,RM_Farhan,2024-02-07,North
LEAD200703,Website,Generated,RM_Chirag,2024-10-09,West
LEAD200704,Website,Generated,RM_Bhavya,2024-07-20,East
LEAD200705,Referral,Generated,RM_Diksha,2024-09-11,South
LEAD200706,Branch,Contacted,RM_Chirag,2023-10-30,Central
LEAD200707,Campaign,Contacted,RM_Chirag,2023-09-10,East
LEAD200708,Website,Generated,RM_Esha,2024-04-22,Airport
LEAD200709,Branch,Generated,RM_Esha,2024-01-04,West
LEAD200710,Referral,Contacted,RM_Aditya,2024-11-09,South
LEAD200711,Campaign,Contacted,RM_Esha,2023-06-09,South
LEAD200712,Referral,Qualified,RM_Farhan,2023-06-15,Airport
LEAD200713,Referral,Generated,RM_Chirag,2023-07-24,West
LEAD200714,Referral,Generated,RM_Esha,2023-09-24,South
LEAD200715,Branch,Generated,RM_Aditya,2023-05-18,West
LEAD200716,Campaign,Generated,RM_Diksha,2024-01-03,South
LEAD200717,Website,Generated,RM_Farhan,2024-03-18,North
LEAD200718,Website,Generated,RM_Esha,2024-07-20,Airport
LEAD200719,Campaign,Generated,RM_Chirag,2024-12-21,West
LEAD200720,Referral,Generated,RM_Diksha,2023-01-17,East
LEAD200721,Referral,Converted,RM_Chirag,2023-03-09,Uptown
LEAD200722,Referral,Qualified,RM_Diksha,2023-05-13,North
LEAD200723,Website,Contacted,RM_Farhan,2024-11-30,City Plaza
LEAD200724,Branch,Converted,RM_Chirag,2024-03-05,East
LEAD200725,Branch,Converted,RM_Esha,2023-11-04,Airport
LEAD200726,Website,Contacted,RM_Esha,2024-10-11,South
LEAD200727,Website,Generated,RM_Aditya,2023-06-23,City Plaza
LEAD200728,Branch,Generated,RM_Diksha,2024-02-16,East
LEAD200729,Website,Contacted,RM_Aditya,2023-04-07,North
LEAD200730,Campaign,Generated,RM_Bhavya,2024-11-13,City Plaza
LEAD200731,Website,Contacted,RM_Esha,2023-06-03,City Plaza
LEAD200732,Referral,Qualified,RM_Diksha,2024-11-25,West
LEAD200733,Campaign,Generated,RM_Farhan,2023-08-30,Central
LEAD200734,Branch,Contacted,RM_Aditya,2023-10-31,East
LEAD200735,Website,Contacted,RM_Farhan,2023-10-12,Central
LEAD200736,Branch,Generated,RM_Farhan,2023-01-27,Airport
LEAD200737,Website,Generated,RM_Farhan,2024-02-06,East
LEAD200738,Website,Generated,RM_Aditya,2023-12-26,East
LEAD200739,Campaign,Generated,RM_Bhavya,2023-03-01,West
LEAD200740,Branch,Contacted,RM_Aditya,2023-07-21,South
LEAD200741,Referral,Qualified,RM_Chirag,2024-08-03,North
LEAD200742,Website,Generated,RM_Esha,2024-01-05,North
LEAD200743,Website,Contacted,RM_Aditya,2024-06-16,North
LEAD200744,Website,Generated,RM_Aditya,2023-06-01,Uptown
LEAD200745,Referral,Qualified,RM_Bhavya,2023-04-12,Airport
LEAD200746,Branch,Qualified,RM_Chirag,2024-08-29,City Plaza
LEAD200747,Referral,Contacted,RM_Aditya,2024-03-21,South
LEAD200748,Branch,Generated,RM_Esha,2023-08-17,Central
LEAD200749,Website,Generated,RM_Esha,2023-05-05,North
LEAD200750,Website,Generated,RM_Aditya,2023-08-24,Uptown
LEAD200751,Website,Converted,RM_Farhan,2023-06-11,Central
LEAD200752,Website,Generated,RM_Farhan,2024-07-07,South
LEAD200753,Website,Generated,RM_Chirag,2023-12-19,Airport
LEAD200754,Campaign,Converted,RM_Esha,2023-03-09,South
LEAD200755,Website,Contacted,RM_Farhan,2023-06-22,West
LEAD200756,Campaign,Generated,RM_Esha,2024-09-28,City Plaza
LEAD200757,Website,Generated,RM_Chirag,2024-11-12,North
LEAD200758,Campaign,Generated,RM_Chirag,2024-07-12,Airport
LEAD200759,Referral,Generated,RM_Farhan,2023-09-18,West
LEAD200760,Campaign,Contacted,RM_Aditya,2023-08-05,North
LEAD200761,Website,Contacted,RM_Diksha,2023-05-04,South
LEAD200762,Branch,Contacted,RM_Bhavya,2023-06-11,South
LEAD200763,Campaign,Generated,RM_Diksha,2023-07-20,Uptown
LEAD200764,Website,Generated,RM_Diksha,2024-03-29,East
LEAD200765,Website,Qualified,RM_Esha,2024-02-06,East
LEAD200766,Website,Generated,RM_Chirag,2024-04-06,South
LEAD200767,Campaign,Contacted,RM_Esha,2023-10-02,South
LEAD200768,Referral,Generated,RM_Farhan,2023-07-25,Central
LEAD200769,Referral,Converted,RM_Bhavya,2023-02-09,Uptown
LEAD200770,Website,Contacted,RM_Farhan,2023-09-30,City Plaza
LEAD200771,Website,Generated,RM_Aditya,2024-11-30,Central
LEAD200772,Branch,Generated,RM_Bhavya,2023-04-03,City Plaza
LEAD200773,Website,Contacted,RM_Esha,2023-02-11,West
LEAD200774,Referral,Contacted,RM_Esha,2024-04-09,East
LEAD200775,Campaign,Generated,RM_Farhan,2024-01-14,East
LEAD200776,Website,Converted,RM_Esha,2023-04-17,Uptown
LEAD200777,Branch,Qualified,RM_Esha,2023-11-24,South
LEAD200778,Website,Generated,RM_Diksha,2023-03-06,South
LEAD200779,Referral,Generated,RM_Aditya,2023-12-31,West
LEAD200780,Website,Qualified,RM_Diksha,2024-04-28,Airport
LEAD200781,Branch,Generated,RM_Esha,2024-10-08,Airport
LEAD200782,Website,Contacted,RM_Chirag,2023-01-24,Uptown
LEAD200783,Referral,Generated,RM_Diksha,2024-06-23,Airport
LEAD200784,Referral,Generated,RM_Esha,2023-03-03,East
LEAD200785,Website,Qualified,RM_Esha,2024-05-05,Central
LEAD200786,Branch,Converted,RM_Aditya,2023-09-30,Airport
LEAD200787,Website,Generated,RM_Farhan,2023-08-17,North
LEAD200788,Branch,Contacted,RM_Bhavya,2023-01-20,Uptown
LEAD200789,Website,Generated,RM_Diksha,2023-01-03,West
LEAD200790,Branch,Qualified,RM_Diksha,2024-02-25,Airport
LEAD200791,Website,Generated,RM_Diksha,2024-12-30,North
LEAD200792,Website,Qualified,RM_Esha,2023-11-03,Airport
LEAD200793,Website,Qualified,RM_Aditya,2024-03-07,Central
LEAD200794,Branch,Generated,RM_Esha,2023-05-16,Central
LEAD200795,Website,Contacted,RM_Esha,2024-05-29,Airport
LEAD200796,Campaign,Generated,RM_Farhan,2023-07-12,Uptown
LEAD200797,Campaign,Qualified,RM_Chirag,2024-08-07,Uptown
LEAD200798,Website,Generated,RM_Aditya,2024-02-19,North
LEAD200799,Referral,Qualified,RM_Diksha,2023-04-28,West
LEAD200800,Website,Generated,RM_Bhavya,2024-10-27,North
LEAD200801,Website,Generated,RM_Diksha,2023-07-28,West
LEAD200802,Branch,Contacted,RM_Esha,2023-02-03,Airport
LEAD200803,Branch,Converted,RM_Aditya,2024-10-10,West
LEAD200804,Referral,Generated,RM_Aditya,2023-11-14,South
LEAD200805,Website,Generated,RM_Aditya,2023-04-30,East
LEAD200806,Website,Generated,RM_Chirag,2024-09-18,City Plaza
LEAD200807,Website,Generated,RM_Diksha,2024-06-08,East
LEAD200808,Branch,Contacted,RM_Chirag,2024-08-03,Central
LEAD200809,Referral,Generated,RM_Farhan,2023-03-30,South
LEAD200810,Branch,Generated,RM_Bhavya,2024-05-26,East
LEAD200811,Website,Generated,RM_Farhan,2023-02-16,Airport
LEAD200812,Website,Generated,RM_Esha,2024-11-22,West
LEAD200813,Website,Contacted,RM_Chirag,2024-06-05,West
LEAD200814,Website,Contacted,RM_Chirag,2023-10-11,North
LEAD200815,Website,Generated,RM_Farhan,2024-01-12,North
LEAD200816,Branch,Contacted,RM_Esha,2024-09-29,Uptown
LEAD200817,Campaign,Generated,RM_Aditya,2023-05-14,West
LEAD200818,Referral,Contacted,RM_Esha,2024-10-28,Uptown
LEAD200819,Referral,Contacted,RM_Diksha,2023-09-05,Airport
LEAD200820,Website,Qualified,RM_Farhan,2024-10-13,West
LEAD200821,Campaign,Generated,RM_Esha,2023-11-14,North
LEAD200822,Website,Contacted,RM_Aditya,2024-03-11,East
LEAD200823,Campaign,Qualified,RM_Esha,2023-06-25,Uptown
LEAD200824,Referral,Converted,RM_Chirag,2024-11-16,Uptown
LEAD200825,Website,Generated,RM_Bhavya,2024-08-08,Central
LEAD200826,Campaign,Generated,RM_Chirag,2023-12-17,North
LEAD200827,Website,Generated,RM_Bhavya,2023-05-23,Airport
LEAD200828,Referral,Contacted,RM_Esha,2024-02-02,Uptown
LEAD200829,Referral,Qualified,RM_Diksha,2024-09-15,East
LEAD200830,Website,Qualified,RM_Esha,2024-12-18,East
LEAD200831,Website,Generated,RM_Aditya,2024-10-04,East
LEAD200832,Branch,Generated,RM_Esha,2024-01-04,South
LEAD200833,Branch,Generated,RM_Bhavya,2024-05-15,South
LEAD200834,Website,Contacted,RM_Chirag,2024-09-13,City Plaza
LEAD200835,Campaign,Generated,RM_Diksha,2024-01-05,East
LEAD200836,Website,Contacted,RM_Esha,2024-08-01,Uptown
LEAD200837,Website,Generated,RM_Esha,2024-01-17,Airport
LEAD200838,Website,Generated,RM_Chirag,2023-03-27,West
LEAD200839,Website,Converted,RM_Diksha,2024-04-04,Airport
LEAD200840,Website,Generated,RM_Farhan,2023-11-21,South
LEAD200841,Campaign,Contacted,RM_Esha,2024-06-05,North
LEAD200842,Website,Contacted,RM_Esha,2024-05-03,Uptown
LEAD200843,Website,Qualified,RM_Farhan,2024-02-01,City Plaza
LEAD200844,Website,Qualified,RM_Bhavya,2023-12-21,South
LEAD200845,Branch,Qualified,RM_Bhavya,2023-10-15,West
LEAD200846,Campaign,Generated,RM_Aditya,2024-04-03,Central
LEAD200847,Website,Generated,RM_Chirag,2024-09-15,City Plaza
LEAD200848,Website,Contacted,RM_Diksha,2024-06-19,South
LEAD200849,Website,Contacted,RM_Esha,2023-10-18,Airport
LEAD200850,Website,Qualified,RM_Esha,2023-06-17,City Plaza
LEAD200851,Website,Generated,RM_Aditya,2024-09-12,Uptown
LEAD200852,Website,Generated,RM_Esha,2024-03-03,Airport
LEAD200853,Website,Contacted,RM_Chirag,2024-12-02,East
LEAD200854,Referral,Qualified,RM_Aditya,2024-05-04,East
LEAD200855,Website,Converted,RM_Chirag,2023-12-21,East
LEAD200856,Campaign,Contacted,RM_Aditya,2023-07-15,City Plaza
LEAD200857,Campaign,Generated,RM_Esha,2024-06-28,Central
LEAD200858,Referral,Generated,RM_Aditya,2024-12-17,West
LEAD200859,Website,Contacted,RM_Bhavya,2024-11-24,Uptown
LEAD200860,Website,Qualified,RM_Diksha,2024-10-20,City Plaza
LEAD200861,Website,Generated,RM_Esha,2023-01-11,North
LEAD200862,Branch,Contacted,RM_Farhan,2024-08-04,Uptown
LEAD200863,Referral,Qualified,RM_Diksha,2023-09-13,Airport
LEAD200864,Campaign,Generated,RM_Esha,2024-01-31,Airport
LEAD200865,Campaign,Contacted,RM_Diksha,2024-02-13,City Plaza
LEAD200866,Website,Generated,RM_Bhavya,2023-12-28,City Plaza
LEAD200867,Referral,Generated,RM_Diksha,2023-09-16,West
LEAD200868,Website,Generated,RM_Aditya,2023-01-03,Central
LEAD200869,Website,Generated,RM_Diksha,2023-03-25,City Plaza
LEAD200870,Website,Contacted,RM_Esha,2023-06-05,East
LEAD200871,Website,Contacted,RM_Farhan,2024-10-24,West
LEAD200872,Campaign,Generated,RM_Farhan,2023-06-25,North
LEAD200873,Website,Generated,RM_Chirag,2024-12-07,East
LEAD200874,Referral,Qualified,RM_Diksha,2024-04-16,North
LEAD200875,Referral,Contacted,RM_Farhan,2024-09-10,South
LEAD200876,Branch,Generated,RM_Diksha,2024-02-28,North
LEAD200877,Website,Qualified,RM_Farhan,2023-05-14,East
LEAD200878,Campaign,Generated,RM_Diksha,2024-01-15,South
LEAD200879,Referral,Generated,RM_Esha,2024-10-28,East
LEAD200880,Website,Generated,RM_Diksha,2023-10-04,Airport
LEAD200881,Website,Generated,RM_Esha,2023-08-24,East
LEAD200882,Referral,Generated,RM_Esha,2023-01-13,South
LEAD200883,Branch,Qualified,RM_Chirag,2023-12-08,North
LEAD200884,Referral,Qualified,RM_Farhan,2023-02-04,Airport
LEAD200885,Branch,Contacted,RM_Aditya,2024-07-12,Central
LEAD200886,Referral,Generated,RM_Esha,2023-08-02,Central
LEAD200887,Website,Generated,RM_Farhan,2024-02-16,Uptown
LEAD200888,Website,Generated,RM_Bhavya,2024-02-09,Central
LEAD200889,Website,Contacted,RM_Diksha,2024-05-08,Central
LEAD200890,Branch,Contacted,RM_Bhavya,2024-10-19,West
LEAD200891,Branch,Generated,RM_Diksha,2023-06-08,Central
LEAD200892,Website,Generated,RM_Chirag,2024-09-28,South
LEAD200893,Referral,Qualified,RM_Esha,2023-04-20,City Plaza
LEAD200894,Website,Generated,RM_Aditya,2024-07-02,Central
LEAD200895,Website,Generated,RM_Esha,2024-06-09,East
LEAD200896,Website,Generated,RM_Diksha,2023-12-13,City Plaza
LEAD200897,Website,Generated,RM_Aditya,2024-09-27,Central
LEAD200898,Website,Contacted,RM_Esha,2023-10-06,City Plaza
LEAD200899,Website,Contacted,RM_Aditya,2024-04-23,North
LEAD200900,Website,Converted,RM_Diksha,2023-04-21,South
LEAD200901,Website,Generated,RM_Chirag,2024-09-27,South
LEAD200902,Referral,Converted,RM_Chirag,2024-03-06,Uptown
LEAD200903,Website,Contacted,RM_Esha,2024-06-25,City Plaza
LEAD200904,Campaign,Generated,RM_Bhavya,2023-04-25,Uptown
LEAD200905,Website,Contacted,RM_Diksha,2023-03-31,Airport
LEAD200906,Website,Contacted,RM_Esha,2023-07-31,West
LEAD200907,Website,Contacted,RM_Esha,2024-07-03,East
LEAD200908,Website,Generated,RM_Chirag,2024-08-17,City Plaza
LEAD200909,Branch,Contacted,RM_Aditya,2024-06-22,South
LEAD200910,Website,Generated,RM_Diksha,2024-12-29,Uptown
LEAD200911,Campaign,Qualified,RM_Aditya,2023-12-26,North
LEAD200912,Campaign,Generated,RM_Farhan,2024-04-30,Central
LEAD200913,Referral,Contacted,RM_Farhan,2024-01-07,South
LEAD200914,Referral,Contacted,RM_Diksha,2023-08-03,North
LEAD200915,Branch,Generated,RM_Bhavya,2023-01-15,Central
LEAD200916,Website,Contacted,RM_Farhan,2023-09-16,West
LEAD200917,Referral,Contacted,RM_Chirag,2024-04-07,South
LEAD200918,Website,Contacted,RM_Bhavya,2023-04-30,Uptown
LEAD200919,Website,Contacted,RM_Esha,2023-05-08,South
LEAD200920,Referral,Contacted,RM_Farhan,2024-12-23,City Plaza
LEAD200921,Referral,Qualified,RM_Chirag,2024-06-06,City Plaza
LEAD200922,Campaign,Contacted,RM_Esha,2024-11-18,North
LEAD200923,Website,Qualified,RM_Bhavya,2024-10-06,Uptown
LEAD200924,Branch,Contacted,RM_Diksha,2023-11-21,Airport
LEAD200925,Website,Generated,RM_Esha,2023-11-16,City Plaza
LEAD200926,Website,Generated,RM_Aditya,2024-05-20,East
LEAD200927,Website,Contacted,RM_Diksha,2024-06-09,West
LEAD200928,Website,Contacted,RM_Diksha,2023-02-19,East
LEAD200929,Website,Generated,RM_Bhavya,2024-08-06,South
LEAD200930,Referral,Generated,RM_Bhavya,2023-03-10,East
LEAD200931,Branch,Contacted,RM_Chirag,2024-01-26,Central
LEAD200932,Website,Generated,RM_Chirag,2024-01-18,West
LEAD200933,Referral,Generated,RM_Aditya,2023-01-16,East
LEAD200934,Branch,Generated,RM_Diksha,2024-03-14,Central
LEAD200935,Branch,Converted,RM_Aditya,2024-07-21,North
LEAD200936,Referral,Generated,RM_Aditya,2024-09-08,East
LEAD200937,Website,Qualified,RM_Bhavya,2023-05-12,West
LEAD200938,Campaign,Qualified,RM_Aditya,2024-07-13,Central
LEAD200939,Referral,Generated,RM_Aditya,2023-09-05,East
LEAD200940,Website,Qualified,RM_Esha,2023-09-30,North
LEAD200941,Website,Generated,RM_Chirag,2024-09-14,East
LEAD200942,Branch,Qualified,RM_Chirag,2023-12-15,Central
LEAD200943,Website,Contacted,RM_Diksha,2024-04-28,East
LEAD200944,Campaign,Generated,RM_Chirag,2024-07-03,West
LEAD200945,Website,Generated,RM_Farhan,2023-12-23,South
LEAD200946,Branch,Converted,RM_Diksha,2023-11-14,Uptown
LEAD200947,Website,Generated,RM_Esha,2024-09-24,Uptown
LEAD200948,Referral,Converted,RM_Chirag,2023-02-17,Central
LEAD200949,Campaign,Qualified,RM_Esha,2023-01-10,Central
LEAD200950,Website,Contacted,RM_Chirag,2023-08-21,Central
LEAD200951,Referral,Converted,RM_Chirag,2023-02-05,Central
LEAD200952,Website,Converted,RM_Esha,2024-02-17,East
LEAD200953,Website,Qualified,RM_Aditya,2024-04-06,West
LEAD200954,Website,Generated,RM_Aditya,2023-01-04,Uptown
LEAD200955,Branch,Contacted,RM_Aditya,2023-02-13,North
LEAD200956,Website,Generated,RM_Farhan,2024-07-21,Uptown
LEAD200957,Website,Generated,RM_Aditya,2024-07-07,West
LEAD200958,Website,Generated,RM_Chirag,2023-09-12,Central
LEAD200959,Referral,Contacted,RM_Bhavya,2023-04-24,Airport
LEAD200960,Branch,Contacted,RM_Esha,2024-02-01,East
LEAD200961,Website,Contacted,RM_Bhavya,2023-06-23,Airport
LEAD200962,Website,Qualified,RM_Farhan,2023-09-12,East
LEAD200963,Campaign,Qualified,RM_Bhavya,2024-04-10,Central
LEAD200964,Website,Generated,RM_Diksha,2023-10-04,East
LEAD200965,Campaign,Generated,RM_Aditya,2024-04-08,Central
LEAD200966,Campaign,Generated,RM_Farhan,2024-05-16,West
LEAD200967,Branch,Qualified,RM_Chirag,2024-03-16,City Plaza
LEAD200968,Website,Contacted,RM_Aditya,2023-03-10,South
LEAD200969,Branch,Qualified,RM_Aditya,2024-05-23,East
LEAD200970,Branch,Generated,RM_Bhavya,2023-11-22,Central
LEAD200971,Referral,Generated,RM_Diksha,2023-03-08,Airport
LEAD200972,Website,Qualified,RM_Aditya,2023-10-31,Central
LEAD200973,Website,Qualified,RM_Esha,2024-04-28,Airport
LEAD200974,Website,Generated,RM_Esha,2024-07-01,Uptown
LEAD200975,Referral,Generated,RM_Aditya,2024-02-21,East
LEAD200976,Referral,Generated,RM_Bhavya,2023-06-08,North
LEAD200977,Website,Qualified,RM_Bhavya,2023-05-29,Airport
LEAD200978,Referral,Generated,RM_Chirag,2023-01-27,Central
LEAD200979,Website,Generated,RM_Farhan,2024-08-06,East
LEAD200980,Referral,Generated,RM_Farhan,2023-09-05,Central
LEAD200981,Campaign,Qualified,RM_Farhan,2023-04-11,North
LEAD200982,Website,Generated,RM_Diksha,2024-12-02,South
LEAD200983,Website,Generated,RM_Bhavya,2023-04-06,City Plaza
LEAD200984,Website,Contacted,RM_Chirag,2024-01-19,City Plaza
LEAD200985,Referral,Contacted,RM_Esha,2023-10-09,North
LEAD200986,Branch,Qualified,RM_Farhan,2023-11-18,West
LEAD200987,Campaign,Generated,RM_Esha,2024-01-31,East
LEAD200988,Website,Contacted,RM_Esha,2023-10-05,North
LEAD200989,Campaign,Generated,RM_Aditya,2024-06-12,South
LEAD200990,Website,Generated,RM_Diksha,2023-09-20,Central
LEAD200991,Referral,Generated,RM_Chirag,2024-09-10,East
LEAD200992,Website,Generated,RM_Diksha,2024-08-02,Uptown
LEAD200993,Campaign,Generated,RM_Aditya,2024-10-01,Airport
LEAD200994,Referral,Converted,RM_Chirag,2023-10-20,North
LEAD200995,Branch,Generated,RM_Chirag,2023-10-21,Uptown
LEAD200996,Branch,Generated,RM_Bhavya,2024-08-30,Uptown
LEAD200997,Website,Generated,RM_Diksha,2024-01-30,South
LEAD200998,Website,Converted,RM_Diksha,2024-05-27,Uptown
LEAD200999,Campaign,Qualified,RM_Bhavya,2023-06-29,North
